{"_wandb":{"runtime":2},"metrics/accuracy":3.948620964701211,"_timestamp":1.7288160680828676e+09,"metrics/loss":6.019108674160336,"_runtime":2.2647417,"_step":50}